day,trade,crew,exposure_steps
0,rebar,6,96.0
1,rebar,6,71.0
2,rebar,6,85.0
3,formwork_erection,6,138.0
4,formwork_erection,6,108.0
5,concrete_pour,8,129.0
6,concrete_pour,8,134.0
7,concrete_pour,0,0.0
8,concrete_pour,0,0.0
9,concrete_pour,0,0.0
10,concrete_pour,0,0.0
11,concrete_pour,0,0.0
12,concrete_pour,0,0.0
13,formwork_erection,6,96.0
14,formwork_erection,6,104.0
15,formwork_erection,6,114.0
16,rebar,6,63.0
17,rebar,6,137.0
18,rebar,6,110.0
19,concrete_pour,8,113.0
20,concrete_pour,8,127.0
21,concrete_pour,0,0.0
22,concrete_pour,0,0.0
23,concrete_pour,0,0.0
24,concrete_pour,0,0.0
25,rebar,6,101.0
26,rebar,6,104.0
27,rebar,6,139.0
28,rebar,6,102.0
29,rebar,6,90.0
30,rebar,6,119.0
31,rebar,6,86.0
32,rebar,6,141.0
33,rebar,6,99.0
34,rebar,6,116.0
35,rebar,6,95.0
36,rebar,6,87.0
37,rebar,6,105.0
38,formwork_erection,6,104.0
39,formwork_erection,6,104.0
40,formwork_erection,6,91.0
41,formwork_erection,6,94.0
42,formwork_erection,6,158.0
43,formwork_erection,6,72.0
44,formwork_erection,6,126.0
45,formwork_erection,6,84.0
46,formwork_erection,6,153.0
47,concrete_pour,8,159.0
48,concrete_pour,8,90.0
49,concrete_pour,8,143.0
50,concrete_pour,8,116.0
51,concrete_pour,8,104.0
52,concrete_pour,0,0.0
53,concrete_pour,0,0.0
54,concrete_pour,0,0.0
55,concrete_pour,0,0.0
56,concrete_pour,0,0.0
57,concrete_pour,0,0.0
58,material_handling,4,71.0
59,material_handling,4,33.0
60,material_handling,4,39.0
61,material_handling,4,34.0
62,material_handling,4,48.0
63,material_handling,4,50.0
64,material_handling,4,81.0
65,rebar,6,78.0
66,rebar,6,71.0
67,rebar,6,52.0
68,rebar,6,34.0
69,rebar,6,81.0
70,rebar,6,50.0
71,formwork_erection,6,59.0
72,formwork_erection,6,101.0
73,formwork_erection,6,71.0
74,formwork_erection,6,79.0
75,formwork_erection,6,100.0
76,concrete_pour,8,88.0
77,concrete_pour,8,86.0
78,concrete_pour,8,133.0
79,concrete_pour,0,0.0
80,concrete_pour,0,0.0
81,concrete_pour,0,0.0
82,concrete_pour,0,0.0
83,concrete_pour,0,0.0
84,concrete_pour,0,0.0
85,formwork_erection,6,45.0
86,formwork_erection,6,40.0
87,formwork_erection,6,70.0
88,formwork_erection,6,65.0
89,formwork_erection,6,65.0
90,formwork_erection,6,83.0
91,rebar,6,69.0
92,rebar,6,82.0
93,rebar,6,56.0
94,rebar,6,78.0
95,concrete_pour,8,77.0
96,concrete_pour,8,91.0
97,concrete_pour,0,0.0
98,concrete_pour,0,0.0
99,concrete_pour,0,0.0
100,concrete_pour,0,0.0
101,rebar,6,78.0
102,rebar,6,45.0
103,rebar,6,55.0
104,rebar,6,40.0
105,rebar,6,66.0
106,rebar,6,34.0
107,rebar,6,30.0
108,rebar,6,87.0
109,rebar,6,49.0
110,rebar,6,56.0
111,rebar,6,30.0
112,rebar,6,85.0
113,rebar,6,37.0
114,formwork_erection,6,37.0
115,formwork_erection,6,64.0
116,formwork_erection,6,69.0
117,formwork_erection,6,27.0
118,formwork_erection,6,44.0
119,formwork_erection,6,57.0
120,formwork_erection,6,89.0
121,formwork_erection,6,44.0
122,formwork_erection,6,118.0
123,concrete_pour,8,114.0
124,concrete_pour,8,91.0
125,concrete_pour,8,100.0
126,concrete_pour,8,111.0
127,concrete_pour,8,71.0
128,concrete_pour,8,100.0
129,concrete_pour,0,0.0
130,concrete_pour,0,0.0
131,concrete_pour,0,0.0
132,concrete_pour,0,0.0
133,concrete_pour,0,0.0
134,concrete_pour,0,0.0
135,material_handling,4,14.0
136,material_handling,4,57.0
137,material_handling,4,47.0
138,material_handling,4,42.0
139,material_handling,4,19.0
140,material_handling,4,40.0
141,material_handling,4,29.0
142,material_handling,4,52.0
143,material_handling,4,38.0
144,formwork_erection,6,14.0
145,rebar,6,1.0
146,concrete_pour,8,44.0
147,concrete_pour,0,0.0
148,concrete_pour,0,0.0
149,concrete_pour,0,0.0
150,concrete_pour,0,0.0
151,rebar,6,17.0
152,formwork_erection,6,32.0
153,concrete_pour,8,45.0
154,concrete_pour,0,0.0
155,concrete_pour,0,0.0
156,concrete_pour,0,0.0
157,concrete_pour,0,0.0
158,concrete_pour,0,0.0
159,concrete_pour,0,0.0
160,material_handling,4,23.0
161,material_handling,4,11.0
162,rebar,6,108.0
163,rebar,6,54.0
164,rebar,6,28.0
165,formwork_erection,6,59.0
166,formwork_erection,6,77.0
167,concrete_pour,8,145.0
168,concrete_pour,8,76.0
169,concrete_pour,0,0.0
170,concrete_pour,0,0.0
171,concrete_pour,0,0.0
172,concrete_pour,0,0.0
173,concrete_pour,0,0.0
174,concrete_pour,0,0.0
175,formwork_erection,6,91.0
176,rebar,6,63.0
177,concrete_pour,8,113.0
178,concrete_pour,0,0.0
179,concrete_pour,0,0.0
180,concrete_pour,0,0.0
181,concrete_pour,0,0.0
182,rebar,6,94.0
183,rebar,6,60.0
184,rebar,6,85.0
185,rebar,6,46.0
186,rebar,6,53.0
187,rebar,6,84.0
188,rebar,6,44.0
189,rebar,6,88.0
190,rebar,6,77.0
191,rebar,6,40.0
192,formwork_erection,6,99.0
193,formwork_erection,6,95.0
194,formwork_erection,6,50.0
195,formwork_erection,6,57.0
196,formwork_erection,6,68.0
197,formwork_erection,6,46.0
198,formwork_erection,6,92.0
199,formwork_erection,6,93.0
200,concrete_pour,8,113.0
201,concrete_pour,8,128.0
202,concrete_pour,8,87.0
203,concrete_pour,8,65.0
204,concrete_pour,0,0.0
205,concrete_pour,0,0.0
206,concrete_pour,0,0.0
207,concrete_pour,0,0.0
208,concrete_pour,0,0.0
209,concrete_pour,0,0.0
210,material_handling,4,51.0
211,material_handling,4,66.0
212,material_handling,4,57.0
213,material_handling,4,14.0
214,material_handling,4,67.0
215,material_handling,4,47.0
216,material_handling,4,31.0
217,material_handling,4,35.0
218,material_handling,4,82.0
219,material_handling,4,41.0
220,material_handling,4,48.0
221,material_handling,4,72.0
222,rebar,6,74.0
223,rebar,6,60.0
224,rebar,6,64.0
225,formwork_erection,6,52.0
226,formwork_erection,6,78.0
227,concrete_pour,8,105.0
228,concrete_pour,8,145.0
229,concrete_pour,0,0.0
230,concrete_pour,0,0.0
231,concrete_pour,0,0.0
232,concrete_pour,0,0.0
233,concrete_pour,0,0.0
234,concrete_pour,0,0.0
235,formwork_erection,6,73.0
236,rebar,6,83.0
237,concrete_pour,8,89.0
238,concrete_pour,0,0.0
239,concrete_pour,0,0.0
240,concrete_pour,0,0.0
241,concrete_pour,0,0.0
242,rebar,6,78.0
243,rebar,6,76.0
244,rebar,6,104.0
245,rebar,6,73.0
246,rebar,6,42.0
247,rebar,6,127.0
248,rebar,6,107.0
249,rebar,6,53.0
250,rebar,6,35.0
251,rebar,6,110.0
252,formwork_erection,6,76.0
253,formwork_erection,6,59.0
254,formwork_erection,6,88.0
255,formwork_erection,6,54.0
256,formwork_erection,6,91.0
257,formwork_erection,6,108.0
258,formwork_erection,6,55.0
259,formwork_erection,6,76.0
260,concrete_pour,8,80.0
261,concrete_pour,8,120.0
262,concrete_pour,8,109.0
263,concrete_pour,8,87.0
264,concrete_pour,0,0.0
265,concrete_pour,0,0.0
266,concrete_pour,0,0.0
267,concrete_pour,0,0.0
268,concrete_pour,0,0.0
269,concrete_pour,0,0.0
270,material_handling,4,87.0
271,material_handling,4,32.0
272,material_handling,4,48.0
273,material_handling,4,51.0
274,material_handling,4,39.0
275,material_handling,4,47.0
276,material_handling,4,97.0
277,material_handling,4,42.0
278,material_handling,4,25.0
279,material_handling,4,51.0
280,material_handling,4,56.0
281,material_handling,4,26.0
282,material_handling,4,45.0
283,rebar,6,53.0
284,rebar,6,131.0
285,rebar,6,102.0
286,formwork_erection,6,117.0
287,formwork_erection,6,104.0
288,concrete_pour,8,71.0
289,concrete_pour,8,109.0
290,concrete_pour,0,0.0
291,concrete_pour,0,0.0
292,concrete_pour,0,0.0
293,concrete_pour,0,0.0
294,concrete_pour,0,0.0
295,concrete_pour,0,0.0
296,formwork_erection,6,29.0
297,rebar,6,130.0
298,concrete_pour,8,104.0
299,concrete_pour,0,0.0
300,concrete_pour,0,0.0
301,concrete_pour,0,0.0
302,concrete_pour,0,0.0
303,rebar,6,125.0
304,rebar,6,85.0
305,rebar,6,98.0
306,rebar,6,37.0
307,rebar,6,56.0
308,rebar,6,45.0
309,rebar,6,72.0
310,rebar,6,75.0
311,rebar,6,83.0
312,rebar,6,86.0
313,rebar,6,60.0
314,formwork_erection,6,76.0
315,formwork_erection,6,69.0
316,formwork_erection,6,40.0
317,formwork_erection,6,91.0
318,formwork_erection,6,56.0
319,formwork_erection,6,113.0
320,formwork_erection,6,78.0
321,formwork_erection,6,83.0
322,concrete_pour,8,86.0
323,concrete_pour,8,88.0
324,concrete_pour,8,156.0
325,concrete_pour,8,119.0
326,concrete_pour,8,117.0
327,concrete_pour,0,0.0
328,concrete_pour,0,0.0
329,concrete_pour,0,0.0
330,concrete_pour,0,0.0
331,concrete_pour,0,0.0
332,concrete_pour,0,0.0
333,material_handling,4,46.0
334,material_handling,4,83.0
335,material_handling,4,21.0
336,material_handling,4,59.0
337,material_handling,4,102.0
338,material_handling,4,106.0
339,material_handling,4,73.0
340,material_handling,4,42.0
341,material_handling,4,43.0
342,material_handling,4,67.0
343,material_handling,4,19.0
344,material_handling,4,75.0
345,material_handling,4,39.0
346,rebar,6,66.0
347,rebar,6,70.0
348,rebar,6,65.0
349,formwork_erection,6,111.0
350,formwork_erection,6,74.0
351,formwork_erection,6,94.0
352,concrete_pour,8,106.0
353,concrete_pour,8,91.0
354,concrete_pour,0,0.0
355,concrete_pour,0,0.0
356,concrete_pour,0,0.0
357,concrete_pour,0,0.0
358,concrete_pour,0,0.0
359,concrete_pour,0,0.0
360,formwork_erection,6,43.0
361,formwork_erection,6,94.0
362,rebar,6,77.0
363,rebar,6,94.0
364,concrete_pour,8,170.0
365,concrete_pour,0,0.0
366,concrete_pour,0,0.0
367,concrete_pour,0,0.0
368,concrete_pour,0,0.0
369,concrete_pour,0,0.0
370,concrete_pour,0,0.0
371,formwork_erection,6,76.0
372,formwork_erection,6,79.0
373,rebar,6,75.0
374,concrete_pour,8,98.0
375,concrete_pour,0,0.0
376,concrete_pour,0,0.0
377,concrete_pour,0,0.0
378,concrete_pour,0,0.0
379,rebar,6,45.0
380,rebar,6,62.0
381,rebar,6,42.0
382,rebar,6,51.0
383,rebar,6,124.0
384,rebar,6,114.0
385,formwork_erection,6,78.0
386,formwork_erection,6,71.0
387,formwork_erection,6,40.0
388,formwork_erection,6,44.0
389,concrete_pour,8,132.0
390,concrete_pour,8,117.0
391,concrete_pour,8,82.0
392,concrete_pour,0,0.0
393,concrete_pour,0,0.0
394,concrete_pour,0,0.0
395,concrete_pour,0,0.0
396,concrete_pour,0,0.0
397,concrete_pour,0,0.0
398,material_handling,4,54.0
399,material_handling,4,26.0
400,material_handling,4,48.0
401,formwork_erection,6,35.0
402,rebar,6,48.0
403,concrete_pour,8,64.0
404,concrete_pour,0,0.0
405,concrete_pour,0,0.0
406,concrete_pour,0,0.0
407,concrete_pour,0,0.0
408,material_handling,4,29.0
