entry_id,status,accident_type,trade,scenario_ids,directive_ko,hoc_level,spec,action_by,design_decidable,promoted,reason_code,exposure_channel,adjudication_note,hoc_rule_exception,source_id,source_type,source_edition,legal_basis,legal_verified_date,evidence_level,rule_type,rule_id,simulation_action,parameter_value,parameter_source,sensitivity_target,applies_to_cell_type,cell_type_basis,supersedes,redundant_with,requires,residual_risk,ifc_class,ifc_predefined_type,target_pset,geometry_operation,install_cost_level,install_duration_days,cost_note,in_experiment_set,kalis_frequency,needs_review,note
KE_H001_01,draft,떨어짐,타설,SCN_04;SCN_05,설비 관통 개구부를 통합 샤프트로 집약 설계하여 슬래브 개구부 개소 수 자체를 축소,제거,,,TRUE,TRUE,,dwell_time,물리적 조치(샤프트/축소/통합) 수반 → 승격. 노출 채널 dwell_time (근거어: 개구부/샤프트).,FALSE,REF_S15P;REF_S4,학술,2019,,,,SpatialChangeRule,RULE_H001_ELIM,remove_hazard_instances,,design_change,FALSE,floor_opening,v2.3 정본 값 (유도하지 않음 — 정본이 우선),,,,,,,,,high,,,,0,TRUE,원천 evidenceLevel='literature' — 목표 열거형에 대응 없음
KE_H001_02,draft,떨어짐,타설,SCN_04,재래식 현장타설 대신 하프PC 슬래브 채택으로 현장 개구부 형성 작업 자체를 대체,대체,,,TRUE,TRUE,,dwell_time,물리적 조치(타설/대체/채택) 수반 → 승격. 노출 채널 dwell_time (근거어: 개구부).,FALSE,REF_S4,지침,2024,,,,,,,,,FALSE,,,,,,,,,,,,,,,0,TRUE,"관계 후보(미판정, 서술문 근거): ALT_CP_PC | 원천 promotionStatus=deferred"
KE_H001_03,draft,떨어짐,타설,SCN_04;SCN_05,개구부 덮개를 거푸집 제작 시 일체 선시공(cast-in cover)하여 무방호 노출 기간 원천 제거,공학적,,,TRUE,TRUE,,dwell_time,물리적 조치(덮개/시공/선시공) 수반 → 승격. 노출 채널 dwell_time (근거어: 개구부/덮개).,FALSE,REF_KR_R43;REF_S16;REF_S4,법령,고용노동부령 제450호,산업안전보건기준에 관한 규칙(고용노동부령 제450호) 제43조 (개구부 등의 방호 조치),,,,,,,,FALSE,,,,,,,,,,,,,,,0,TRUE,원천 evidenceLevel='law' — 목표 열거형에 대응 없음
KE_H001_04,draft,떨어짐,타설,SCN_04;SCN_05,개구부 마감(closure) 액티비티를 타설 직후로 전진 배치하여 activeWindow 자체를 단축,제거,,,TRUE,TRUE,,dwell_time,물리적 조치(타설/배치) 및 공정 순서·시점 변경(전진/직후) 수반 → 승격. 노출 채널 dwell_time (근거어: 개구부).,FALSE,REF_S1,학술,1997,,,,TemporalRule,RULE_H001_TEMPORAL,set FS_lag(slab_pour -> opening_closure) = 0 days,,schedule_logic,FALSE,,TemporalRule — 격자 대상 아님(별도 경로),,,,,,,,,low,,효과는 배율이 아니라 activeWindow 단축에서 창발 — 시뮬레이션이 산출,,0,FALSE,
KE_H001_05,draft,떨어짐,타설,SCN_04;SCN_05,안전난간·수직형 추락방호망을 개구부 주위에 설치,공학적,,,TRUE,TRUE,,dwell_time,물리적 조치(난간/방호망/설치) 수반 → 승격. 노출 채널 dwell_time (근거어: 개구부/난간/추락방호).,FALSE,REF_KR_R43;REF_S12,법령,고용노동부령 제450호,"산업안전보건기준에 관한 규칙(고용노동부령 제450호) 제43조 (개구부 등의 방호 조치) | 29 CFR 1926.502(i) — 개구부 안전난간은 방호되지 않은 모든 측면에 설치, 덮개는 예상 하중의 2배 이상 지지",,,AgentParameterRule,RULE_H001_GUARD,,fallProbMultiplier=0.10,literature,FALSE,opening_edge_cells,v2.3 정본 값 (유도하지 않음 — 정본이 우선),,,,,,,,,low,1,난간 등 공학적 통제의 추락 감소 효과 — v1.2 계수 승계,,0,TRUE,원천 evidenceLevel='law' — 목표 열거형에 대응 없음
KE_H001_06,draft,떨어짐,타설,SCN_04,개구부 인접 구역 감지·경보 장치(접근 경보) 설치,경고,,,TRUE,TRUE,,dwell_time,v2.5 사람 판정: 채널 특정 불가 논거 해소 — 노출 채널은 재해유형이 결정 (재해유형 떨어짐 → dwell_time),FALSE,REF_S10,기술기준,,,,standard,,,,,,FALSE,,,,,,,,,,,,,,,0,TRUE,원천 promotionStatus=deferred
KE_H001_07,draft,떨어짐,타설,SCN_04;SCN_05,개구부 구역 출입통제 구획 및 작업허가제 운영,관리적,,,FALSE,FALSE,NOT_DESIGN,none,design_decidable=FALSE — 시공자 준수사항·현장 관리 행위로 설계 단계에서 결정되지 않음.,FALSE,REF_S13,학술,2014,,,,AgentParameterRule,RULE_ADM_H001,,fallProbMultiplier=0.59,,FALSE,floor_opening,v2.3 정본 값 (유도하지 않음 — 정본이 우선),,,,,,,,,low,,"v1.2 ALT-H001-L4 승계 (ADM_RISK_TOL=0.15, ADM_FALL_FACTOR=0.59 정합)",,0,TRUE,원천 parameterSourceType='inherited_v1' — 목표 열거형에 대응 없음 | 원천 promotionStatus=promoted
KE_H001_08,draft,떨어짐,타설,SCN_04;SCN_05,개구부 인접 작업 시 안전대 부착설비 및 착용,보호구,,,FALSE,FALSE,NOT_DESIGN,none,design_decidable=FALSE — 시공자 준수사항·현장 관리 행위로 설계 단계에서 결정되지 않음.,FALSE,REF_KR_R44;REF_S34,법령,고용노동부령 제450호,산업안전보건기준에 관한 규칙(고용노동부령 제450호) 제44조 (안전대의 부착설비 등),,,AgentParameterRule,RULE_PPE_H001,,fatalityMultiplier=0.27;injuryMultiplier=1.00,,FALSE,floor_opening,v2.3 정본 값 (유도하지 않음 — 정본이 우선),,,,,,,,,low,,"v1.2 ALT-H001-L5 승계 (PPE_FATAL_FACTOR=0.27): 노출 유지, 심각도만 감소 — SWR 지표 필요성의 근원",,0,TRUE,원천 evidenceLevel='law' — 목표 열거형에 대응 없음 | 원천 parameterSourceType='inherited_v1' — 목표 열거형에 대응 없음 | 원천 promotionStatus=promoted
KE_K_CA_02,active,끼임,철근,,철근 가공기계의 조작 스위치 발등 덮개 등 방호장치를 설계 안전대책으로 제시,공학적,조작 스위치 발등 덮개,SE;CON,TRUE,TRUE,,proximity,v2.5 사람 판정: 채널 특정 불가 논거 해소 — 노출 채널은 재해유형이 결정 (재해유형 끼임 → proximity),FALSE,REF_KALIS_HRP,공공데이터,20250923,,,official_data,AgentParameterRule,RULE_K_CA_02,reduce_caught_prob_at_machine_cells,,heuristic,TRUE,,적용 불가: proximity(끼임) 채널은 현재 zone 집합에 대응 유형이 없다,,,,,,,,,mid,,끼임 셀이 전부 TBM 교육이던 상태를 해소하는 첫 항목,,4,TRUE,fillsRung=끼임 사다리 최초의 비관리적 등급
KE_K_CA_03,active,끼임,거푸집해체,,갱폼 앵커볼트 선해체 방지용 방호장치를 설계에 반영,공학적,,SE;CON,TRUE,TRUE,,proximity,v2.5 사람 판정: 채널 특정 불가 논거 해소 — 노출 채널은 재해유형이 결정 (재해유형 끼임 → proximity),FALSE,REF_KALIS_HRP,공공데이터,20250923,,,official_data,AgentParameterRule,RULE_K_CA_03,reduce_premature_release_prob,,heuristic,TRUE,,적용 불가: proximity(끼임) 채널은 현재 zone 집합에 대응 유형이 없다,,,,,,,,,mid,,갱폼 사용 프로젝트에 한정 — applicabilityCondition 필요,,1,TRUE,fillsRung=해체 공종 끼임의 공학적 등급
KE_K_CP_07,active,무너짐,타설,,시스템동바리 적용으로 재래식 강관동바리의 조립불량 기인 붕괴 경로를 대체,대체,높이 5m 이상 시 구조안전성 검토 반영,SE;PE,TRUE,TRUE,,zone_occupancy,v2.5 사람 판정: H008_ShoringCollapse zone 이 생성되어 NO_CHANNEL 논거 소멸 (재해유형 무너짐 → zone_occupancy),FALSE,REF_KALIS_HRP,공공데이터,20250923,,,official_data,SpatialChangeRule,RULE_K_CP_07,substitute_shoring_system_reduce_defect_derived_collapse_instances,,design_change,FALSE,collapse_zone,R1 simulation_action='substitute_shoring_system_reduce_defect_derived_collapse_instances' 에 'shoring_system' 명시,,,,,,,,,mid,,기존 ALT_CP_PC(PC 전환)보다 비용·적용성이 낮은 대체 대안 — 대체 등급 내 비교 가능,,31,TRUE,"관계 후보(미판정, 서술문 근거): ALT_CP_PC | fillsRung=붕괴 사다리의 대체 등급 보강"
KE_K_CP_08,active,무너짐,타설,,가설기자재 인증품 반입 및 반입시험 실시를 설계도면에 명시 — 불량 자재 기인 붕괴 경로 차단,관리적,,SE;CON,TRUE,FALSE,NO_EXPOSURE,none,설계자 산출물이지만 문서화 동사(명시)만 확인; '가설기자재/인증품/자재'는 검토·작성의 대상일 뿐 설치되는 산출물이 아님 — 작업자 위치·체류시간을 바꾸지 않음.,FALSE,REF_KALIS_HRP,공공데이터,20250923,,,official_data,,,,,,FALSE,,,,,,,,,,,,,,,11,FALSE,fillsRung=붕괴 사다리의 관리적 등급
KE_K_CP_09,active,무너짐,거푸집설치,,조립·해체 작업순서도를 설계도서에 반영하여 공정 간 중첩 및 역순 해체를 사전 배제,제거,,PE;CON,TRUE,TRUE,,zone_occupancy,v2.5 사람 판정: H008_ShoringCollapse zone 이 생성되어 NO_CHANNEL 논거 소멸 (재해유형 무너짐 → zone_occupancy),FALSE,REF_KALIS_HRP,공공데이터,20250923,,,official_data,TemporalRule,RULE_K_CP_09,deconflict: enforce assembly/dismantling precedence order,,schedule_logic,FALSE,,TemporalRule — 격자 대상 아님(별도 경로),,,,,,,,,mid,,기존 RULE_HS_PHASED와 규칙 형식이 동일 — 통합 검토 가능,,49,TRUE,"관계 후보(미판정, 서술문 근거): RULE_HS_PHASED | fillsRung=붕괴 사다리의 제거 등급 보강"
KE_K_FE_10,active,떨어짐,거푸집설치,,재래식 강관비계·강관동바리 대신 시스템비계·시스템동바리를 설계 적용 — 규격화 부재로 조립불량에서 기인하는,대체,구조검토서에 의한 시스템비계·동바리 설치,SE;PE,TRUE,TRUE,,dwell_time,v2.5 사람 판정: 채널 특정 불가 논거 해소 — 노출 채널은 재해유형이 결정 (재해유형 떨어짐 → dwell_time),FALSE,REF_KALIS_HRP,공공데이터,20250923,,,official_data,SpatialChangeRule,RULE_K_FE_10,substitute_scaffold_system_reduce_assembly_defect_instances,,design_change,FALSE,scaffold,R1 simulation_action='substitute_scaffold_system_reduce_assembly_defect_instances' 에 'scaffold_system' 명시,,,,,,,,,mid,,추락·붕괴 두 채널에 동시 작용하는 최초의 대안. 채널 간 상호작용 검증 케이스로 활용 가능,,186,TRUE,fillsRung=추락 사다리의 대체 등급(기존 공백) | directive 말미 절단 의심 — 원천 확인 필요 (조사 '하는' 로 끝나 뒤 성분이 이어져야 함) | 원본 directive: 재래식 강관비계·강관동바리 대신 시스템비계·시스템동바리를 설계 적용 — 규격화 부재로 조립불량에서 기인하는 
KE_K_FE_11,active,무너짐,거푸집설치,,동바리·비계 지지 지반의 평탄화 및 버림콘크리트 타설을 설계에 반영 — 부등침하 기인 전도·붕괴 차단,공학적,"버림콘크리트 10cm 타설, 부등침하 방지조치",CE;SE,TRUE,TRUE,,zone_occupancy,v2.5 사람 판정: H008_ShoringCollapse zone 이 생성되어 NO_CHANNEL 논거 소멸 (재해유형 무너짐 → zone_occupancy),FALSE,REF_KALIS_HRP,공공데이터,20250923,,,official_data,AgentParameterRule,RULE_K_FE_11,reduce_collapse_prob_for_prepared_ground,,heuristic,TRUE,collapse_zone,R2 exposure_channel='zone_occupancy' — 이 프로젝트 zone 집합에서 1:1 (H008 뿐),,,,,,,,,mid,,계수 미확보 — sensitivityTarget 지정 필요,,11,TRUE,fillsRung=붕괴 사다리의 지반 기인 경로
KE_K_FS_02,active,떨어짐,거푸집해체,,거푸집·동바리 존치기간과 해체시기·해체순서를 설계도면에 명기 — 조기 해체 및 무계획 해체 창(window),관리적,존치기간 및 유의사항 도면 표기,SE;PE,TRUE,TRUE,,zone_occupancy,공정 순서·시점 변경(순서/존치기간) 수반 → 승격. 노출 채널 zone_occupancy (근거어: 존치). 문서화 동사(명기)도 있으나 목적어가 물리적 산출물.,TRUE,REF_KALIS_HRP,공공데이터,20250923,,,official_data,TemporalRule,RULE_K_FS_02,set precedence: formwork_stripping(Z) requires retention_period_elapsed(Z),,schedule_logic,FALSE,,TemporalRule — 격자 대상 아님(별도 경로),,,,,,,,,mid,,기존 LCR_SHORING_COLLAPSE의 despawnTrigger와 직접 대응 — 라이브러리와 시뮬레이터 정합 지점,,90,FALSE,도면 명기는 관리적이나 작용 기제는 해체 가능 시점 이동(시간적). 둘 다 옳음 — 분류 유지. | fillsRung=붕괴 사다리의 관리적 등급(기존 공백)
KE_K_HS_05,active,물체에맞음,자재운반,,자재 다단적재 금지 및 작업발판 1개당 최대 적재하중을 도면에 표기 — 적치물 전도·낙하 발생원 자체를 제한,공학적,"작업발판 1개당 최대 적재하중 표기, 다단적재 금지",SE;PE,TRUE,TRUE,,passage_count,v2.5 사람 판정: LCR_DROP_ZONE 템플릿 추가로 NO_CHANNEL 논거 소멸 (재해유형 물체에맞음 → passage_count),FALSE,REF_KALIS_HRP,공공데이터,20250923,,,official_data,SpatialChangeRule,RULE_K_HS_05,cap_material_stack_height_limit_spawn_volume,,design_change,FALSE,material_storage,R1 simulation_action='cap_material_stack_height_limit_spawn_volume' 에 'material_stack' 명시,,,,,,,,,mid,,기존 RULE_TRIP_STORAGE(재배치)와 달리 적치 '양'을 제한 — 별개 규칙,,47,TRUE,"관계 후보(미판정, 서술문 근거): RULE_TRIP_STORAGE | fillsRung=자재 운반의 공학적 등급(기존 TBM 편중)"
KE_K_HS_06,active,물체에맞음,거푸집설치,,가설울타리·가설휀스 설치계획도를 작성하여 낙하 영향구역과 통행구역을 물리적으로 분리,공학적,,PE;CON,TRUE,TRUE,,passage_count,v2.5 사람 판정: LCR_DROP_ZONE 템플릿 추가로 NO_CHANNEL 논거 소멸 (재해유형 물체에맞음 → passage_count),FALSE,REF_KALIS_HRP,공공데이터,20250923,,,official_data,SpatialChangeRule,RULE_K_HS_06,block_agent_entry_to_drop_influence_zone,,design_change,FALSE,drop_zone,R1 simulation_action='block_agent_entry_to_drop_influence_zone' 에 'drop_influence_zone' 명시,,,,,,,,,mid,,H009_DropZone 채널 구현 시 직접 대응,,38,TRUE,fillsRung=낙하물 영향구역의 공간적 분리
KE_K_PI_01,excluded,,철근,,돌출 연직철근에 안전캡 설치를 설계도면에 반영 — 관통상 위험 제거,공학적,돌출 연직철근 전량 안전캡,SE;CON,TRUE,,,,[v2.4 범위 제외] 판정 대상 제외 (status=excluded),FALSE,REF_KALIS_HRP,공공데이터,20250923,,,official_data,AgentParameterRule,RULE_K_PI_01,reduce_puncture_severity_at_exposed_rebar_cells,,heuristic,TRUE,,유도 원천 없음 (simulation_action·exposure_channel 모두 비었거나 미인식),,,,,,,,,mid,,라이브러리 6개 재해유형에 없던 채널. 대상 범위 내 140건으로 넘어짐(134)보다 많음,,72,TRUE,v2.4 범위 제외 | 재해유형/공종 미결정 — 원천에 셀 연결 없음 | fillsRung=재해유형 신설 — 찔림
KE_K_RB_02,active,떨어짐,철근,,슬래브 상부 배근 구간에 실족방지 발판 및 작업자 전용 가설 이동통로를 설치 — 배근면 직접 보행 자체를 회,공학적,,SE;CON,TRUE,TRUE,,passage_count,물리적 조치(발판/이동통로/통로) 수반 → 승격. 노출 채널 passage_count (근거어: 통로/이동/보행).,FALSE,REF_KALIS_HRP,공공데이터,20250923,,,official_data,SpatialChangeRule,RULE_K_RB_02,add_dedicated_walkway_reroute_agents,,design_change,FALSE,,R1 미결: simulation_action 의 'walkway' 는 대상 격자를 특정하지 않는다,,,,,,,,,mid,,동선을 직접 바꾸는 SpatialChangeRule — 효과가 계수가 아닌 창발로 산출되는 공학적 등급 사례,,167,FALSE,fillsRung=철근 공종의 발빠짐·넘어짐 공학적 등급
KE_K_RB_03,active,물체에맞음,철근,,수직 철근 및 조립 철근에 전도방지 버팀대를 설치하도록 상세도를 설계에 반영,공학적,"수직 철근 버팀대 설치, 자립도 검토 및 앵커 보강",SE;CON,TRUE,TRUE,,passage_count,v2.5 사람 판정: 채널 특정 불가 논거 해소 — 노출 채널은 재해유형이 결정. 지시서 3-1 목록에 누락된 항목으로 그룹 (c)와 동일 처리 (재해유형 물체에맞음 → passage_count),FALSE,REF_KALIS_HRP,공공데이터,20250923,,,official_data,AgentParameterRule,RULE_K_RB_03,reduce_material_topple_prob_for_braced_rebar,,heuristic,TRUE,,R2 미결: exposure_channel='passage_count' 는 복수 위험유형에 대응해 모호 (accident_type='물체에맞음' 만으로는 결정 불가),,,,,,,,,mid,,KALIS 내 단일 대책 중 2위 빈도. 계수 미확보 — sensitivityTarget,,243,TRUE,fillsRung=철근 공종 물체에맞음의 공학적 등급(기존 TBM 단독)
KE_K_ST_03,active,부딪힘,자재운반,,작업자 동선과 차량·장비 동선을 분리한 가설배치도를 작성(진출입로·유도자 배치 포함),공학적,"현장 진출입로, 작업자·차량 동선 구분",PE;CON,TRUE,TRUE,,passage_count,v2.5 사람 판정: H011_EquipmentCorridor 채널을 R6 로 신규 구현 (장비 에이전트 없이 주행 구역을 정적 zone 으로 두고 통과 횟수 계수) (재해유형 부딪힘 → passage_count),FALSE,REF_KALIS_HRP,공공데이터,20250923,,,official_data,SpatialChangeRule,RULE_K_ST_03,separate_worker_and_equipment_corridors,,design_change,FALSE,equipment_corridor,R1 simulation_action='separate_worker_and_equipment_corridors' 에 'equipment_corridor' 명시,,,,,,,,,mid,,부딪힘 7건 중 5건이 TBM이던 상태를 해소. 장비 에이전트 도입 시 유효,,12,TRUE,fillsRung=부딪힘 채널 최초의 공간적 대안
KE_K_TR_08,active,넘어짐,자재운반,,정리정돈 기준 및 통로 조명 설치 예시도를 설계도서에 반영,경고,규칙 제8조 — 그 밖의 작업 75lux 이상,PE;CON,TRUE,TRUE,,passage_count,물리적 조치(조명/통로/설치) 수반 → 승격. 노출 채널 passage_count (근거어: 통로). 문서화 동사(반영)도 있으나 목적어가 물리적 산출물.,FALSE,REF_KALIS_HRP,공공데이터,20250923,,,official_data,AgentParameterRule,RULE_K_TR_08,reduce_trip_prob_for_lit_routes,,heuristic,TRUE,,R2 미결: exposure_channel='passage_count' 는 복수 위험유형에 대응해 모호 (accident_type='넘어짐' 만으로는 결정 불가),,,,,,,,,mid,,기존 KE_M_Trip_MatHandling_02와 중복 — 통합하고 evidenceLevel을 heuristic→official_data로 승격,,1,TRUE,"관계 후보(미판정, 서술문 근거): KE_M_Trip_MatHandling_02 | fillsRung=기존 RULE_TRIP_LIGHT의 전거 보강"
KE_M_Caught_FormErection_01,active,끼임,거푸집설치,,안전교육·TBM·사례전파,관리적,,,FALSE,FALSE,NOT_DESIGN,none,design_decidable=FALSE — 시공자 준수사항·현장 관리 행위로 설계 단계에서 결정되지 않음.,FALSE,REF_S35,공공데이터,,,,official_data,,,,,,FALSE,,,,,,,,,,,,,,,0,FALSE,"원천 KE evidenceLevel=field_practice | 원본 directive: 안전교육·TBM·사례전파 — 사례: 작업자 안전교육 실시 / 퇴근전 무사고 확인서 작성후, 이후 병원 진단서 제출 | v2.5 TBM 원형 통합 대표 (KE_M_TBM_PROTOTYPE). 동일 directive 25건을 이 항목으로 통합"
KE_M_Caught_MatHandling_01,excluded,끼임,자재운반,,안전교육·TBM·사례전파,관리적,,,FALSE,,,,[v2.5 TBM 원형 통합] 판정 대상 제외 (status=excluded),FALSE,REF_S35,공공데이터,,,,official_data,,,,,,FALSE,,,,,,,,,,,,,,,0,FALSE,원천 KE evidenceLevel=field_practice | 원본 directive: 안전교육·TBM·사례전파 — 사례: 조치 및 해당 작업 대상 근로자 안전교육 실시 / 사고 발생 후 강동성심병원에서 진료 후 서울 프라임병원으로 이 | v2.5 TBM 원형 통합 — 대표 KE_M_Caught_FormErection_01 참조
KE_M_Caught_Pour_01,excluded,끼임,타설,,안전교육·TBM·사례전파,관리적,,,FALSE,,,,[v2.5 TBM 원형 통합] 판정 대상 제외 (status=excluded),FALSE,REF_S35,공공데이터,,,,official_data,,,,,,FALSE,,,,,,,,,,,,,,,0,FALSE,원천 KE evidenceLevel=field_practice | 원본 directive: 안전교육·TBM·사례전파 — 사례: 관급자재 업체에 근로자 안전 교육토록 안내 / 사고 직후 병원 이송후 수술 및 입원 진행 | v2.5 TBM 원형 통합 — 대표 KE_M_Caught_FormErection_01 참조
KE_M_Caught_Rebar_01,excluded,끼임,철근,,안전교육·TBM·사례전파,관리적,,,FALSE,,,,[v2.5 TBM 원형 통합] 판정 대상 제외 (status=excluded),FALSE,REF_S35,공공데이터,,,,official_data,,,,,,FALSE,,,,,,,,,,,,,,,0,FALSE,"원천 KE evidenceLevel=field_practice | 원본 directive: 안전교육·TBM·사례전파 — 사례: 작업자 안전교육 실시 / 퇴근전 무사고 확인서 작성후, 병원 수술 진단서 제출 | v2.5 TBM 원형 통합 — 대표 KE_M_Caught_FormErection_01 참조"
KE_M_Caught_Stripping_01,excluded,끼임,거푸집해체,,안전교육·TBM·사례전파,관리적,,,FALSE,,,,[v2.5 TBM 원형 통합] 판정 대상 제외 (status=excluded),FALSE,REF_S35,공공데이터,,,,official_data,,,,,,FALSE,,,,,,,,,,,,,,,0,FALSE,원천 KE evidenceLevel=field_practice | 원본 directive: 안전교육·TBM·사례전파 — 사례: 조사 실시 및 해체 작업 안전수칙 재교육 | v2.5 TBM 원형 통합 — 대표 KE_M_Caught_FormErection_01 참조
KE_M_Fall_FormErection_01,active,떨어짐,거푸집설치,,슬래브 개구부에 소요강도 이상의 규격 덮개를 설치하고 이탈방지 고정 상세를 설계도면에 반영,공학적,,,TRUE,TRUE,,dwell_time,물리적 조치(덮개/복공) 수반 → 승격. 노출 채널 dwell_time (근거어: 개구부/덮개/복공).,FALSE,REF_S35,공공데이터,,"산업안전보건기준에 관한 규칙 제43조 (개구부 등의 방호 조치) — 덮개는 뒤집히거나 떨어지지 않도록 설치 (개정 2019.12.26., 2022.10.18.)",,official_data,,,,,,FALSE,,,,,,,,,,,,,,,0,FALSE,원천 KE evidenceLevel=field_practice | 원본 directive: 개구부 덮개·복공 — 사례: 시 충분한 강도를 가진 재질/규격의 덮개(안전시설물) 설치 및 고정 철저 개구부 덮개 상부 ‘개구부 주의’ 등 | v2.4 directive: 개구부 덮개·복공
KE_M_Fall_FormErection_02,active,떨어짐,거푸집설치,,보 단부 등 추락위험 구간에 안전로프 대신 견고한 구조의 임시 안전난간을 설치하도록 가설 난간 상세를 설계에 반영,공학적,,,TRUE,TRUE,,dwell_time,물리적 조치(난간/설치) 수반 → 승격. 노출 채널 dwell_time (근거어: 난간).,FALSE,REF_S35,공공데이터,,,,official_data,AgentParameterRule,RULE_FE_GUARDRAIL,,fallProbMultiplier=0.10,,FALSE,edge_cells,v2.3 정본 값 (유도하지 않음 — 정본이 우선),,,,,,,,,low,1,v1.2 ALT-H005-L3 승계: 단부 난간의 추락확률 계수 (ENG_FALL_FACTOR=0.10),,0,TRUE,"원천 parameterSourceType='inherited_v1' — 목표 열거형에 대응 없음 | 원천 KE evidenceLevel=field_practice | 원천 promotionStatus=promoted | 원본 directive: 안전난간 설치·보강 — 사례: 철거하고, 견고한 구조의 임시 안전난간으로 전면 재시공. ​- 근로자 작업 통제 및 교육: TBM(작업 전 | v2.4 directive: 안전난간 설치·보강"
KE_M_Fall_FormErection_03,active,떨어짐,거푸집설치,,형틀작업 구간에 지정 작업발판과 이동통로를 설계 단계에서 배치하여 임의 발판 설치를 배제,공학적,,,TRUE,TRUE,,dwell_time,v2.5 사람 판정: 채널 특정 불가 논거 해소 — 노출 채널은 재해유형이 결정 (재해유형 떨어짐 → dwell_time),FALSE,REF_S35,공공데이터,,,,official_data,AgentParameterRule,RULE_FE_PLATFORM,,fallProbMultiplier=0.30,,TRUE,elevated_work_zone,v2.3 정본 값 (유도하지 않음 — 정본이 우선),,,,,,,,,mid,1,발판·틈새막음의 추락확률 저감 — v1.2 H005-L2 접근개선 계수(0.30) 준용. 클래스 전이이므로 민감도 분석 대상,,0,TRUE,"원천 parameterSourceType='inherited_v1_class_transfer' — 목표 열거형에 대응 없음 | 원천 KE evidenceLevel=field_practice | 원천 promotionStatus=promoted | 원본 directive: 작업발판 설치·일체형·틈새막음 — 사례: o 지정된 통로 외 임의로 발판설치 금지, 상부 작업 및 이동시 안전고리 체결 철저 o 사고사례 全현장 | v2.4 directive: 작업발판 설치·일체형·틈새막음"
KE_M_Fall_FormErection_04,excluded,떨어짐,거푸집설치,,안전교육·TBM·사례전파,관리적,,,FALSE,,,,[v2.5 TBM 원형 통합] 판정 대상 제외 (status=excluded),FALSE,REF_S35,공공데이터,,,,official_data,AgentParameterRule,RULE_FE_ADM,,fallProbMultiplier=0.59,,FALSE,elevated_work_zone,v2.3 정본 값 (유도하지 않음 — 정본이 우선),,,,,,,,,low,,v1.2 ALT-H005-L4 승계: 허가·감독·교육의 위험허용도 저감 (ADM_FALL_FACTOR=0.59),,0,TRUE,원천 parameterSourceType='inherited_v1' — 목표 열거형에 대응 없음 | 원천 KE evidenceLevel=field_practice | 원천 promotionStatus=promoted | 원본 directive: 안전교육·TBM·사례전파 — 사례: 및 하부 서포트 임의제거 금지 등 교육 실시 Slab 판개 작업구간 안전고리 체결상태 확인관리 철저 정기 | v2.5 TBM 원형 통합 — 대표 KE_M_Caught_FormErection_01 참조
KE_M_Fall_MatHandling_01,active,떨어짐,자재운반,,안전난간 설치·보강,공학적,,,TRUE,TRUE,,dwell_time,물리적 조치(난간/설치) 수반 → 승격. 노출 채널 dwell_time (근거어: 난간).,FALSE,REF_S35,공공데이터,,,,official_data,,,,,,FALSE,,,,,,,,,,,,,,,0,TRUE,원천 KE evidenceLevel=field_practice | 원본 directive: 안전난간 설치·보강 — 사례: 부식 여부 확인 2. 작업 전 안전난간대 및 수평재 체결 상태에 대한 점검 3. 해체 작업 중 발생하는 수평 | CSI 근거 불충분 — 사람 재작성 필요
KE_M_Fall_MatHandling_02,excluded,떨어짐,자재운반,,안전교육·TBM·사례전파,관리적,,,FALSE,,,,[v2.5 TBM 원형 통합] 판정 대상 제외 (status=excluded),FALSE,REF_S35,공공데이터,,,,official_data,,,,,,FALSE,,,,,,,,,,,,,,,0,FALSE,원천 KE evidenceLevel=field_practice | 원본 directive: 안전교육·TBM·사례전파 — 사례: 작업자 안전교육 철저 / 작업자 병원 진료 지시 | v2.5 TBM 원형 통합 — 대표 KE_M_Caught_FormErection_01 참조
KE_M_Fall_Pour_01,active,떨어짐,타설,,"타설 중 안전난간을 존치한 상태로 작업이 가능하도록 난간 위치와 지지 상세를 설계에 반영하고, 후속 설비 설치 완료 전 해체를 배제",공학적,,,TRUE,TRUE,,dwell_time,물리적 조치(난간/설치) 수반 → 승격. 노출 채널 dwell_time (근거어: 난간).,FALSE,REF_S35,공공데이터,,,,official_data,,,,,,FALSE,,,,,,,,,,,,,,,0,FALSE,원천 KE evidenceLevel=field_practice | 원본 directive: 안전난간 설치·보강 — 사례: 타설작업 시 안전난간대 해체하지않고 타설 후 덕트 설치가 끝나면 안전난간대 해체/나머지 ps | v2.4 directive: 안전난간 설치·보강
KE_M_Fall_Pour_02,excluded,떨어짐,타설,,안전교육·TBM·사례전파,관리적,,,FALSE,,,,[v2.5 TBM 원형 통합] 판정 대상 제외 (status=excluded),FALSE,REF_S35,공공데이터,,,,official_data,,,,,,FALSE,,,,,,,,,,,,,,,0,FALSE,원천 KE evidenceLevel=field_practice | 원본 directive: 안전교육·TBM·사례전파 — 사례: 안전교육 강화 및 작업전 장비 등 확인 철저 / &lt;4. 29.(수)&gt; | v2.5 TBM 원형 통합 — 대표 KE_M_Caught_FormErection_01 참조
KE_M_Fall_Rebar_01,excluded,떨어짐,철근,,안전교육·TBM·사례전파,관리적,,,FALSE,,,,[v2.5 TBM 원형 통합] 판정 대상 제외 (status=excluded),FALSE,REF_S35,공공데이터,,,,official_data,,,,,,FALSE,,,,,,,,,,,,,,,0,FALSE,원천 KE evidenceLevel=field_practice | 원본 directive: 안전교육·TBM·사례전파 — 사례: 고자 병원이송 및 현장내 근로자 안전교육 재실시 | v2.5 TBM 원형 통합 — 대표 KE_M_Caught_FormErection_01 참조
KE_M_Fall_Stripping_01,excluded,떨어짐,거푸집해체,,안전교육·TBM·사례전파,관리적,,,FALSE,,,,[v2.5 TBM 원형 통합] 판정 대상 제외 (status=excluded),FALSE,REF_S35,공공데이터,,,,official_data,,,,,,FALSE,,,,,,,,,,,,,,,0,FALSE,"원천 KE evidenceLevel=field_practice | 원본 directive: 안전교육·TBM·사례전파 — 사례: 안전교육 실시 및 현장 안전 관리 철저 / 안전교육장으로 바로 이송하고, 119 | v2.5 TBM 원형 통합 — 대표 KE_M_Caught_FormErection_01 참조"
KE_M_HitByObj_FormErection_01,active,물체에맞음,거푸집설치,,해체 구간에 작업자 회피 동선이 확보되도록 자재 적치 위치와 통로를 가설계획에 분리 배치,공학적,,,TRUE,TRUE,,passage_count,물리적 조치(안전통로/통로) 수반 → 승격. 노출 채널 passage_count (근거어: 통로/동선).,FALSE,REF_S35,공공데이터,,,,official_data,,,,,,FALSE,,,,,,,,,,,,,,,0,FALSE,"원천 KE evidenceLevel=field_practice | 원본 directive: 안전통로·동선 계획 — 사례: 작업자 회피 동선 확보를 위한 자재 정리 후 작업(작업중 주변 자재 수시 정리), 2인 이상 | v2.4 directive: 안전통로·동선 계획"
KE_M_HitByObj_FormErection_02,excluded,물체에맞음,거푸집설치,,안전교육·TBM·사례전파,관리적,,,FALSE,,,,[v2.5 TBM 원형 통합] 판정 대상 제외 (status=excluded),FALSE,REF_S35,공공데이터,,,,official_data,,,,,,FALSE,,,,,,,,,,,,,,,0,FALSE,"원천 KE evidenceLevel=field_practice | 원본 directive: 안전교육·TBM·사례전파 — 사례: 교육 실시(거푸집 긴결 상태 재확인, 위험 요소 발생 시 사전에 정보 공유 | v2.5 TBM 원형 통합 — 대표 KE_M_Caught_FormErection_01 참조"
KE_M_HitByObj_MatHandling_01,active,물체에맞음,자재운반,,"자재 적재구역과 안전통로를 분리 배치하고, 세워쌓기·2단적재를 배제하는 적재 상세를 가설계획에 반영",공학적,,,TRUE,TRUE,,passage_count,물리적 조치(안전통로/통로) 수반 → 승격. 노출 채널 passage_count (근거어: 통로/동선).,FALSE,REF_S35,공공데이터,,,,official_data,,,,,,FALSE,,,,,,,,,,,,,,,0,FALSE,"원천 KE evidenceLevel=field_practice | 원본 directive: 안전통로·동선 계획 — 사례: 1. 안전통로 및 자재 적재시 세워두기 금지 2. 자재 적재시 과적재,2단적재 절대금 | v2.4 directive: 안전통로·동선 계획"
KE_M_HitByObj_MatHandling_02,excluded,물체에맞음,자재운반,,안전교육·TBM·사례전파,관리적,,,FALSE,,,,[v2.5 TBM 원형 통합] 판정 대상 제외 (status=excluded),FALSE,REF_S35,공공데이터,,,,official_data,,,,,,FALSE,,,,,,,,,,,,,,,0,FALSE,원천 KE evidenceLevel=field_practice | 원본 directive: 안전교육·TBM·사례전파 — 사례: 1. 중량물 취급 안전교육 강화: 자재 운반 및 상·하차 작업 시 올바른 작업 자세와 신호 체계 | v2.5 TBM 원형 통합 — 대표 KE_M_Caught_FormErection_01 참조
KE_M_HitByObj_Pour_01,excluded,물체에맞음,타설,,안전교육·TBM·사례전파,관리적,,,FALSE,,,,[v2.5 TBM 원형 통합] 판정 대상 제외 (status=excluded),FALSE,REF_S35,공공데이터,,,,official_data,,,,,,FALSE,,,,,,,,,,,,,,,0,FALSE,"원천 KE evidenceLevel=field_practice | 원본 directive: 안전교육·TBM·사례전파 — 사례: 근로자 및 건설기계 조종원 안전교육 시행, 안전사고 사례 교육, TBM시 당일 작업계획 재확인 및 작업순서 | v2.5 TBM 원형 통합 — 대표 KE_M_Caught_FormErection_01 참조"
KE_M_HitByObj_Rebar_01,excluded,물체에맞음,철근,,안전교육·TBM·사례전파,관리적,,,FALSE,,,,[v2.5 TBM 원형 통합] 판정 대상 제외 (status=excluded),FALSE,REF_S35,공공데이터,,,,official_data,,,,,,FALSE,,,,,,,,,,,,,,,0,FALSE,"원천 KE evidenceLevel=field_practice | 원본 directive: 안전교육·TBM·사례전파 — 사례: 절단작업 중 작업방법 안전교육 실시 / 사고발생 26. 2. 10. 16:00, 병원검진 26. 2. | v2.5 TBM 원형 통합 — 대표 KE_M_Caught_FormErection_01 참조"
KE_M_HitByObj_Stripping_01,excluded,물체에맞음,거푸집해체,,안전교육·TBM·사례전파,관리적,,,FALSE,,,,[v2.5 TBM 원형 통합] 판정 대상 제외 (status=excluded),FALSE,REF_S35,공공데이터,,,,official_data,AgentParameterRule,RULE_HS_ADM,,hazardWeightMultiplier=0.59,,FALSE,material_storage,v2.3 정본 값 (유도하지 않음 — 정본이 우선),,,,,,,,,low,,v1.2 ALT-H004-L4 승계: 해체구간 출입금지·취급절차의 노출 저감,,0,TRUE,"원천 parameterSourceType='inherited_v1' — 목표 열거형에 대응 없음 | 원천 KE evidenceLevel=field_practice | 원천 promotionStatus=promoted | 원본 directive: 안전교육·TBM·사례전파 — 사례: 사고사례 전파 및 보안경 착용 교육 실시, 집중 점검 실시 / 병원 이동 후 진료 | v2.5 TBM 원형 통합 — 대표 KE_M_Caught_FormErection_01 참조"
KE_M_Struck_FormErection_01,active,부딪힘,거푸집설치,,슬래브 거푸집에 유성박리제 대신 수성박리제를 적용하고 도포를 배근 이후로 배치하여 미끄러운 작업면 자체를 대체,대체,,,TRUE,TRUE,,passage_count,v2.5 사람 판정: 채널 특정 불가 논거 해소 — 노출 채널은 재해유형이 결정 (재해유형 부딪힘 → passage_count),FALSE,REF_S35,공공데이터,,,,official_data,,,,,,FALSE,,,,,,,,,,,,,,,0,TRUE,원천 KE evidenceLevel=field_practice | 원본 directive: 공법·자재 대체 — 사례: 설 / 변경: 슬라브제작-철근 배근-수성박리제 도포-타설) / * 2026. 3. 30.(월) - 15:45 / | v2.4 directive: 공법·자재 대체
KE_M_Struck_FormErection_02,excluded,부딪힘,거푸집설치,,안전교육·TBM·사례전파,관리적,,,FALSE,,,,[v2.5 TBM 원형 통합] 판정 대상 제외 (status=excluded),FALSE,REF_S35,공공데이터,,,,official_data,,,,,,FALSE,,,,,,,,,,,,,,,0,FALSE,원천 KE evidenceLevel=field_practice | 원본 directive: 안전교육·TBM·사례전파 — 사례: 건설공구 사용 시 올바른 사용법 재교육 / 부상자 자택 인근 병원 입원조치 | v2.5 TBM 원형 통합 — 대표 KE_M_Caught_FormErection_01 참조
KE_M_Struck_MatHandling_01,excluded,부딪힘,자재운반,,안전교육·TBM·사례전파,관리적,,,FALSE,,,,[v2.5 TBM 원형 통합] 판정 대상 제외 (status=excluded),FALSE,REF_S35,공공데이터,,,,official_data,,,,,,FALSE,,,,,,,,,,,,,,,0,FALSE,원천 KE evidenceLevel=field_practice | 원본 directive: 안전교육·TBM·사례전파 — 사례: TBM 시 작업자가 직접 위험요인을 확인하고 의견 공유할 수 있도록 참여형 교 | v2.5 TBM 원형 통합 — 대표 KE_M_Caught_FormErection_01 참조
KE_M_Struck_Pour_01,excluded,부딪힘,타설,,안전교육·TBM·사례전파,관리적,,,FALSE,,,,[v2.5 TBM 원형 통합] 판정 대상 제외 (status=excluded),FALSE,REF_S35,공공데이터,,,,official_data,,,,,,FALSE,,,,,,,,,,,,,,,0,FALSE,원천 KE evidenceLevel=field_practice | 원본 directive: 안전교육·TBM·사례전파 — 사례: 하여 사전에 인지할 수 있도록 관련 교육 실시 및 안전사고 예방대책마련하겠음. / 병원이동 후 치료조치 | v2.5 TBM 원형 통합 — 대표 KE_M_Caught_FormErection_01 참조
KE_M_Struck_Rebar_01,active,부딪힘,철근,,거푸집 공사 완료 후 철근 작업이 착수되도록 공정 순서를 설계 단계에서 분리하여 두 공종의 공존 작업을 제거,제거,,,TRUE,TRUE,,passage_count,v2.5 사람 판정: 채널 특정 불가 논거 해소 — 노출 채널은 재해유형이 결정 (재해유형 부딪힘 → passage_count),FALSE,REF_S35,공공데이터,,,,official_data,,,,,,FALSE,,,,,,,,,,,,,,,0,TRUE,"원천 KE evidenceLevel=field_practice | 원본 directive: 공정 순서 변경·재배열 — 사례: 개선(작업장 주변 정리정돈 철저), 공정관리개선(거푸집공사 완료 후 철근작업) / 사고발생 2025.11.29.(토) | v2.4 directive: 공정 순서 변경·재배열"
KE_M_Struck_Rebar_02,excluded,부딪힘,철근,,안전교육·TBM·사례전파,관리적,,,FALSE,,,,[v2.5 TBM 원형 통합] 판정 대상 제외 (status=excluded),FALSE,REF_S35,공공데이터,,,,official_data,,,,,,FALSE,,,,,,,,,,,,,,,0,FALSE,원천 KE evidenceLevel=field_practice | 원본 directive: 안전교육·TBM·사례전파 — 사례: 2인 1조 작업. 재발방지교육 실시(안전거리 및 대피공간 확보) / 사고 당일 정형외과 방문 xray | v2.5 TBM 원형 통합 — 대표 KE_M_Caught_FormErection_01 참조
KE_M_Struck_Stripping_01,excluded,부딪힘,거푸집해체,,안전교육·TBM·사례전파,관리적,,,FALSE,,,,[v2.5 TBM 원형 통합] 판정 대상 제외 (status=excluded),FALSE,REF_S35,공공데이터,,,,official_data,,,,,,FALSE,,,,,,,,,,,,,,,0,FALSE,"원천 KE evidenceLevel=field_practice | 원본 directive: 안전교육·TBM·사례전파 — 사례: 안전교육강화, 사고사례 전파 및 교육 / 입술봉합(진주수병원), 치아파절부분 임 | v2.5 TBM 원형 통합 — 대표 KE_M_Caught_FormErection_01 참조"
KE_M_Trip_FormErection_01,active,넘어짐,거푸집설치,,거푸집 작업 구간의 단차부에 작업발판을 설치하도록 단차 위치와 발판 상세를 설계에 반영,공학적,,,TRUE,TRUE,,passage_count,v2.5 사람 판정: 채널 특정 불가 논거 해소 — 노출 채널은 재해유형이 결정 (재해유형 넘어짐 → passage_count),FALSE,REF_S35,공공데이터,,,,official_data,,,,,,FALSE,,,,,,,,,,,,,,,0,TRUE,"원천 KE evidenceLevel=field_practice | 원본 directive: 작업발판 설치·일체형·틈새막음 — 사례: 퇴출조치, 단차부위 인근 작업 시 발판설치 확인 후 작업진행 / 26.05.29일 07:40분경 사고발생 후 병원 | v2.4 directive: 작업발판 설치·일체형·틈새막음"
KE_M_Trip_FormErection_02,active,넘어짐,거푸집설치,,현장 보행 동선을 확보하고 미끄럼 방지 마감을 적용하도록 가설 통로 계획에 반영,공학적,,,TRUE,TRUE,,passage_count,물리적 조치(안전통로/통로) 수반 → 승격. 노출 채널 passage_count (근거어: 통로/동선).,FALSE,REF_S35,공공데이터,,,,official_data,,,,,,FALSE,,,,,,,,,,,,,,,0,FALSE,"원천 KE evidenceLevel=field_practice | 원본 directive: 안전통로·동선 계획 — 사례: 험성 주지, 미끄럼 방지 작업 및 인동선 확보 / 재해자는 당일이 일요일인 관계로 명일인 월요일 숙소 부근 서선 서울 | v2.4 directive: 안전통로·동선 계획"
KE_M_Trip_FormErection_03,excluded,넘어짐,거푸집설치,,안전교육·TBM·사례전파,관리적,,,FALSE,,,,[v2.5 TBM 원형 통합] 판정 대상 제외 (status=excluded),FALSE,REF_S35,공공데이터,,,,official_data,,,,,,FALSE,,,,,,,,,,,,,,,0,FALSE,원천 KE evidenceLevel=field_practice | 원본 directive: 안전교육·TBM·사례전파 — 사례: 사고사례 전파교육 실시 및 위험성 평가 반영 / 정형외과 이동 진료 | v2.5 TBM 원형 통합 — 대표 KE_M_Caught_FormErection_01 참조
KE_M_Trip_MatHandling_01,active,넘어짐,자재운반,,지정 근로자 통행로를 바닥 배관·호스 보호 덮개와 분리 배치하여 보행 구간에 걸림원이 놓이지 않도록 가설 통로 계획에 반영,공학적,,,TRUE,TRUE,,dwell_time,물리적 조치(덮개/복공) 수반 → 승격. 노출 채널 dwell_time (근거어: 개구부/덮개/복공).,FALSE,REF_S35,공공데이터,,,,official_data,,,,,,FALSE,,,,,,,,,,,,,,,0,FALSE,원천 KE evidenceLevel=field_practice | 원본 directive: 개구부 덮개·복공 — 사례: 이상으로 작업) 2. 호스 보호 덮개 등 식별조치 실시 - 이동 중 걸려 넘어질 수 있는 보호 덮개 | v2.4 directive: 개구부 덮개·복공
KE_M_Trip_MatHandling_02,active,넘어짐,자재운반,,작업구간 통행로 경계에 식별 표시와 조도를 확보하여 보행 구간이 시인되도록 가설계획에 반영,경고,,,TRUE,TRUE,,passage_count,v2.5 사람 판정: 채널 특정 불가 논거 해소 — 노출 채널은 재해유형이 결정 (재해유형 넘어짐 → passage_count),FALSE,REF_S35,공공데이터,,,,official_data,AgentParameterRule,RULE_TRIP_LIGHT,,tripProbMultiplier=0.80,heuristic,TRUE,route,v2.3 정본 값 (유도하지 않음 — 정본이 우선),,,,,,,,,low,1,조도·시인성의 걸림 확률 저감 — 계수 문헌 미확보. CSI 사례의 조도 75lux 기준 참조,,0,TRUE,원천 KE evidenceLevel=field_practice | 원천 promotionStatus=promoted | 원본 directive: 조도·경보·시인성 — 사례: 작업구간 통행로 확보 및 식별조치 / 사고 발생 직후 병원 이송 | v2.4 directive: 조도·경보·시인성
KE_M_Trip_MatHandling_03,active,넘어짐,자재운반,,배근된 기초 철근 상부에 실족방지망 또는 합판을 설치하도록 설계 상세에 반영,공학적,,,TRUE,TRUE,,passage_count,v2.5 사람 판정: 채널 특정 불가 논거 해소 — 노출 채널은 재해유형이 결정 (재해유형 넘어짐 → passage_count),FALSE,REF_S35,공공데이터,,,,official_data,,,,,,FALSE,,,,,,,,,,,,,,,0,TRUE,원천 KE evidenceLevel=field_practice | 원본 directive: 방호망·방지망 — 사례: 있는 기초 철근 전도방지 조치 실시(실족방지망 또는 합판 설치) 2. 전도위험 구간 식별 및 조치 3. 재해 사 | v2.4 directive: 방호망·방지망
KE_M_Trip_MatHandling_04,active,넘어짐,자재운반,,작업발판 사이 틈새를 막는 마감 상세를 설계에 반영하여 발빠짐 경로를 제거,공학적,,,TRUE,TRUE,,passage_count,v2.5 사람 판정: 채널 특정 불가 논거 해소 — 노출 채널은 재해유형이 결정 (재해유형 넘어짐 → passage_count),FALSE,REF_S35,공공데이터,,,,official_data,,,,,,FALSE,,,,,,,,,,,,,,,0,TRUE,원천 KE evidenceLevel=field_practice | 원본 directive: 작업발판 설치·일체형·틈새막음 — 사례: - 발판틈새 막음 조치 - 재해발생 위험요인 리스크 평가에 반영 및 사고사례 전파 실시 | v2.4 directive: 작업발판 설치·일체형·틈새막음
KE_M_Trip_MatHandling_05,active,넘어짐,자재운반,,자재 적치 구간과 분리된 안전통로를 가설계획에 확보,공학적,,,TRUE,TRUE,,passage_count,물리적 조치(안전통로/통로) 수반 → 승격. 노출 채널 passage_count (근거어: 통로/동선).,FALSE,REF_S35,공공데이터,,,,official_data,SpatialChangeRule,RULE_TRIP_ROUTE,protect_route_corridor_exclude_material_spawn,,,FALSE,route,v2.3 정본 값 (유도하지 않음 — 정본이 우선),,,,,,,,,low,,통로 셀에 적재물 생성 금지 — 걸림원 노출 재분배가 창발적으로 산출,,0,TRUE,원천 parameterSourceType='rule_logic' — 목표 열거형에 대응 없음 | 원천 KE evidenceLevel=field_practice | 원천 promotionStatus=promoted | 원본 directive: 안전통로·동선 계획 — 사례: 자재 정리 시 안전통로 확보 및 특별 교육 실시 / 귀가 조치 후 통원 진료 | v2.4 directive: 안전통로·동선 계획
KE_M_Trip_MatHandling_06,active,넘어짐,자재운반,,근로자 이동통로 구간을 자재 적재 금지 구역으로 지정하여 적재구역과 통로를 분리 배치,공학적,,,TRUE,TRUE,,zone_occupancy,물리적 조치(지정) 수반 → 승격. 노출 채널 zone_occupancy (근거어: 적재구역/야적/구역).,FALSE,REF_S35,공공데이터,,,,official_data,SpatialChangeRule,RULE_TRIP_STORAGE,relocate_storage_zone_reduce_overlap_with_walkway,,,TRUE,material_storage,v2.3 정본 값 (유도하지 않음 — 정본이 우선),,,,,,,,,low,,v1.2 ALT-H004-L2 승계: 저교통 구역 재배치의 overlap 감소 계수,,0,TRUE,원천 parameterSourceType='inherited_v1' — 목표 열거형에 대응 없음 | 원천 KE evidenceLevel=field_practice | 원천 promotionStatus=promoted | 원본 directive: 적재구역 지정·야적 계획 — 사례: 근로자 이동통로 구간 내 자재적재 금지 / 현장 내 이동 시 휴대전화 사용 금지 / 26.01.20 06시 1 | v2.4 directive: 적재구역 지정·야적 계획
KE_M_Trip_MatHandling_07,excluded,넘어짐,자재운반,,안전교육·TBM·사례전파,관리적,,,FALSE,,,,[v2.5 TBM 원형 통합] 판정 대상 제외 (status=excluded),FALSE,REF_S35,공공데이터,,,,official_data,,,,,,FALSE,,,,,,,,,,,,,,,0,FALSE,원천 KE evidenceLevel=field_practice | 원본 directive: 안전교육·TBM·사례전파 — 사례: 작업자 보행 주의 의무를 TBM을 통해 반복 주입 금번 발생한 &apos;철근 걸림 전도 사고&apo | v2.5 TBM 원형 통합 — 대표 KE_M_Caught_FormErection_01 참조
KE_M_Trip_Pour_01,excluded,넘어짐,타설,,안전교육·TBM·사례전파,관리적,,,FALSE,,,,[v2.5 TBM 원형 통합] 판정 대상 제외 (status=excluded),FALSE,REF_S35,공공데이터,,,,official_data,,,,,,FALSE,,,,,,,,,,,,,,,0,FALSE,원천 KE evidenceLevel=field_practice | 원본 directive: 안전교육·TBM·사례전파 — 사례: 안전교육 재실시 및 TBM 안전교육 실시 / 09:30 병원 이송 및 진료 후 | v2.5 TBM 원형 통합 — 대표 KE_M_Caught_FormErection_01 참조
KE_M_Trip_Rebar_01,active,넘어짐,철근,,철근 배근 구간에 작업 동선을 선정하고 해당 동선에 실족방지망을 설치하도록 설계 상세에 반영,공학적,,,TRUE,TRUE,,passage_count,v2.5 사람 판정: 채널 특정 불가 논거 해소 — 노출 채널은 재해유형이 결정 (재해유형 넘어짐 → passage_count),FALSE,REF_S35,공공데이터,,,,official_data,,,,,,FALSE,,,,,,,,,,,,,,,0,TRUE,원천 KE evidenceLevel=field_practice | 원본 directive: 방호망·방지망 — 사례: 작업 시 작업 동선을 먼저 설정하고 실족방지망 설치 후 작업한다. / 작업자 안전교육 | v2.4 directive: 방호망·방지망
KE_M_Trip_Rebar_02,excluded,넘어짐,철근,,안전교육·TBM·사례전파,관리적,,,FALSE,,,,[v2.5 TBM 원형 통합] 판정 대상 제외 (status=excluded),FALSE,REF_S35,공공데이터,,,,official_data,,,,,,FALSE,,,,,,,,,,,,,,,0,FALSE,원천 KE evidenceLevel=field_practice | 원본 directive: 안전교육·TBM·사례전파 — 사례: 동일 사고가 발생하지 않도록 작업자 교육 / 사고발생 직후 근처 병원 방문 및 다음날 오전9시경 전문병원 이송 | v2.5 TBM 원형 통합 — 대표 KE_M_Caught_FormErection_01 참조
KE_M_Trip_Stripping_01,excluded,넘어짐,거푸집해체,,안전교육·TBM·사례전파,관리적,,,FALSE,,,,[v2.5 TBM 원형 통합] 판정 대상 제외 (status=excluded),FALSE,REF_S35,공공데이터,,,,official_data,,,,,,FALSE,,,,,,,,,,,,,,,0,FALSE,원천 KE evidenceLevel=field_practice | 원본 directive: 안전교육·TBM·사례전파 — 사례: 안전교육 재실시 및 TBM 안전교육 실시 / 09:30 병원 이송 및 진료 후 | v2.5 TBM 원형 통합 — 대표 KE_M_Caught_FormErection_01 참조
KE_S_CP_04,active,무너짐,타설,,"타설 리프트 높이 제한·분할 타설 설계(예: 두꺼운 전이슬래브를 2층 분할 타설, 1층 양생 후 2층 타설)로 동바리 하중 자체를 저감",공학적,,,TRUE,TRUE,,zone_occupancy,v2.5 사람 판정: H008_ShoringCollapse zone 이 생성되어 NO_CHANNEL 논거 소멸 (재해유형 무너짐 → zone_occupancy),FALSE,REF_S15P;REF_S16,학술,2019,,,,AgentParameterRule,RULE_CP_LIFT_LIMIT,,collapseProbMultiplier=0.50,heuristic,TRUE,collapse_zone,v2.3 정본 값 (유도하지 않음 — 정본이 우선),,,,,,,,,mid,,분할 타설의 동바리 하중 저감 → 붕괴확률 저감. 계수 문헌 미확보 — 민감도 분석 필수. 부수효과: 타설 액티비티 기간 증가(공기 트레이드오프를 시뮬레이션이 산출),,0,TRUE,원천 evidenceLevel='literature' — 목표 열거형에 대응 없음 | 원천 promotionStatus=promoted
KE_S_CP_05,active,무너짐,타설,,콘크리트 강도 검증(매입형 강도측정 장치 포함)을 거푸집·동바리 해체의 선행 조건으로 설계 — 조기 해체 붕괴의 조건부 차단,제거,,,TRUE,TRUE,,zone_occupancy,v2.5 사람 판정: H008_ShoringCollapse zone 이 생성되어 NO_CHANNEL 논거 소멸 (재해유형 무너짐 → zone_occupancy),FALSE,REF_S15P,학술,2019,,,,TemporalRule,RULE_CP_STRENGTH_VERIFY,add precedence condition: formwork_stripping(Z) requires strength_verified(Z) [min curing lag enforced],,schedule_logic,FALSE,,TemporalRule — 격자 대상 아님(별도 경로),,,,,,,,,low,,조기 해체 시나리오(SCN-09)의 조건부 차단 — 최초의 조건부(conditional) TemporalRule. 효과는 activeWindow 보장에서 창발,,0,TRUE,원천 evidenceLevel='literature' — 목표 열거형에 대응 없음 | 원천 promotionStatus=promoted
KE_S_CP_06,active,무너짐,타설,,거푸집·동바리 제거 일정을 설계 단계에서 명시적 공정으로 계획(제거 순서·시점 문서화),관리적,,,TRUE,FALSE,NO_CHANNEL,none,재해유형 '무너짐' 이 구조적으로 거는 위험원이 동바리 붕괴 뿐이며 해당 채널이 시뮬레이터에 미구현(implementationStatus=planned).,FALSE,REF_S15P,학술,2019,,,,,,,,,FALSE,,,,,,,,,,,,,,,0,TRUE,원천 evidenceLevel='literature' — 목표 열거형에 대응 없음
KE_S_FE_06,active,떨어짐,거푸집설치,,개구부 상부 보·테두리보를 생명줄(라이프라인) 지지 구조로 설계 — 추락보호 앵커의 본설계 통합,공학적,,,TRUE,TRUE,,dwell_time,물리적 조치(라이프라인/생명줄) 수반 → 승격. 노출 채널 dwell_time (근거어: 개구부/추락보호 앵커/라이프라인).,FALSE,REF_S15P,학술,2019,,,,,,,,,FALSE,,,,,,,,,,,,,,,0,TRUE,원천 evidenceLevel='literature' — 목표 열거형에 대응 없음
KE_S_FE_07,active,떨어짐,거푸집설치,,층간 부재 치수·배치 표준화로 거푸집 재사용성을 높여 고소 조립·해체 작업량 자체를 축소,대체,,,TRUE,TRUE,,dwell_time,v2.5 사람 판정: 채널 특정 불가 논거 해소 — 노출 채널은 재해유형이 결정 (재해유형 떨어짐 → dwell_time),FALSE,REF_S15P,학술,2019,,,,,,,,,FALSE,,,,,,,,,,,,,,,0,TRUE,원천 evidenceLevel='literature' — 목표 열거형에 대응 없음
KE_S_FE_08,active,떨어짐,거푸집설치,,메탈데크+콘크리트 토핑 합성 슬래브 채택으로 임시 거푸집·동바리 소요 자체를 제거,대체,,,TRUE,TRUE,,dwell_time,v2.5 사람 판정: 채널 특정 불가 논거 해소 — 노출 채널은 재해유형이 결정 (재해유형 떨어짐 → dwell_time),FALSE,REF_S15P;REF_S16,학술,2019,,,,SpatialChangeRule,RULE_FE_METALDECK,remove_formwork_hazard_instances_for_deck_zones,,design_change,FALSE,collapse_zone,v2.3 정본 값 (유도하지 않음 — 정본이 우선),,,,,,,,,high,,데크 공법 구역은 거푸집·동바리 위험 인스턴스(H008) 및 해체 액티비티 자체가 미생성. 데크 설치의 대체 위험은 한계로 기록,,0,TRUE,원천 evidenceLevel='literature' — 목표 열거형에 대응 없음 | 원천 promotionStatus=promoted
KE_S_FE_09,active,떨어짐,거푸집설치,,프리캐스트 계단에 난간을 공장에서 선설치한 후 일체 인양 — 설치 후 난간 작업 자체를 제거,제거,,,TRUE,TRUE,,dwell_time,v2.5 사람 판정: 채널 특정 불가 논거 해소 — 노출 채널은 재해유형이 결정 (재해유형 떨어짐 → dwell_time),FALSE,REF_S16,지침,2021,,,guideline,,,,,,FALSE,,,,,,,,,,,,,,,0,TRUE,
KE_S_H001_09,active,떨어짐,타설,SCN_04;SCN_05,개구부를 통로·작업구역·출입 동선에서 이격 배치하는 평면 설계 — 노출 기하학의 원천 변경,대체,,,TRUE,TRUE,,passage_count,물리적 조치(통로/이격/배치) 수반 → 승격. 노출 채널 passage_count (근거어: 통로/동선).,FALSE,REF_S15P,학술,2019,,,,SpatialChangeRule,RULE_H001_RELOCATE,relocate_openings_away_from_routes,,,FALSE,floor_opening,v2.3 정본 값 (유도하지 않음 — 정본이 우선),,,,,,,,,low,,v1.2 ALT-H001-L2 승계(재배치·축소 계열). 주 효과는 동선-개구부 교차 감소로 창발 — 배율은 잔여 근접노출 보정,,0,TRUE,원천 evidenceLevel='literature' — 목표 열거형에 대응 없음 | 원천 parameterSourceType='inherited_v1' — 목표 열거형에 대응 없음 | 원천 promotionStatus=promoted
KE_S_H001_10,active,넘어짐,자재운반,,개구부 주변 걸림원(단차·자재·잔재) 제거를 설계·배치 기준으로 명시,제거,,,TRUE,TRUE,,passage_count,물리적 조치(제거/배치) 수반 → 승격. 노출 채널 passage_count (근거어: 걸림/단차). 문서화 동사(명시)도 있으나 목적어가 물리적 산출물.,FALSE,REF_S15P,학술,2019,,,,,,,,,FALSE,,,,,,,,,,,,,,,0,TRUE,원천 evidenceLevel='literature' — 목표 열거형에 대응 없음
KE_T_CP_01,active,무너짐,타설,,U형 프리캐스트 보 + 현장타설 충전 등 PC 부재 채택으로 현장 거푸집·동바리 물량 자체를 축소 — 붕괴 노출원 감축,대체,,,TRUE,TRUE,,zone_occupancy,v2.5 사람 판정: H008_ShoringCollapse zone 이 생성되어 NO_CHANNEL 논거 소멸 (재해유형 무너짐 → zone_occupancy),FALSE,REF_S16;REF_S4,지침,2021,,,guideline,SpatialChangeRule,RULE_CP_PC,remove_collapse_zone_for_precast_zones,,design_change,FALSE,collapse_zone,v2.3 정본 값 (유도하지 않음 — 정본이 우선),,,,,,,,,high,,PC 전환 구역은 현장 동바리 존치가 소멸 — 위험 인스턴스 자체 미생성,,0,TRUE,원천 promotionStatus=promoted
KE_T_CP_02,active,무너짐,타설,,거푸집·동바리 구조를 하중 조건에 맞게 사전 구조검토하고 조립도를 작성·준수 — 설계 단계의 구조안전 확보,공학적,,,TRUE,FALSE,NO_EXPOSURE,none,v2.5 사람 판정: 구조검토·조립도 작성은 설계자 산출물이나 작업자의 위치·체류시간을 바꾸지 않는다. 승격하지 않는 항목에 실행 규칙이 붙어 있는 것은 모순이므로 AgentParameterRule 을 제거한다. kalis_unadopted 의 U_STRUCT_REVIEW(NO_EXPOSURE) 및 부록 C 서술과 정합,FALSE,REF_KR_R330;REF_KR_R331,법령,,산업안전보건기준에 관한 규칙 제330조 (거푸집 및 동바리의 구조) ; 산업안전보건기준에 관한 규칙 제331조 (조립도),,,,,,,,FALSE,,,,,,,,,,,low,,"구조검토·조립도 준수의 붕괴확률 저감 — 정량 문헌 미확보(미준수→붕괴의 정성근거: FACE 13NY080, CPWR 438건). 민감도 분석 필수",,0,TRUE,"원천 evidenceLevel='law' — 목표 열거형에 대응 없음 | 원천 promotionStatus=promoted | v2.5 규칙 제거: rule_type=AgentParameterRule, rule_id=RULE_CP_DESIGNCHECK, parameter_value=collapseProbMultiplier=0.30, parameter_source=heuristic"
KE_T_CP_03,active,무너짐,타설,,타설 중·양생 초기 동바리 존치 구간 직하부를 무출입 구역으로 계획하고 타설 순서를 편심·집중타설이 없도록 계획 — 제334조 타설계획의 설계화,관리적,,,TRUE,TRUE,,zone_occupancy,v2.5 사람 판정: H008_ShoringCollapse zone 이 생성되어 NO_CHANNEL 논거 소멸 (재해유형 무너짐 → zone_occupancy),TRUE,REF_KR_R334,법령,,산업안전보건기준에 관한 규칙 제334조 (콘크리트의 타설작업),,,SpatialChangeRule,RULE_CP_NOENTRY,block_agent_entry,,,FALSE,collapse_zone,v2.3 정본 값 (유도하지 않음 — 정본이 우선),,,,,,,,,low,,하부 무출입 — 노출 제거와 우회비용이 창발적으로 산출됨,,0,TRUE,원천 evidenceLevel='law' — 목표 열거형에 대응 없음 | 원천 parameterSourceType='rule_logic' — 목표 열거형에 대응 없음 | 출입통제는 관리적이나 작용 기제는 우회 동선 생성(공간적). 둘 다 옳음 — 분류 유지. | 원천 promotionStatus=promoted
KE_T_FE_01,active,떨어짐,거푸집설치,,창호 하부 벽체(창대) 높이를 바닥에서 최소 42인치(약 1.07m)로 설계하여 시공 중 벽체 개구부가 그 자체로 난간 역할을 하도록 함 — 가설 난간 필요성 원천 제거,제거,,,TRUE,TRUE,,dwell_time,물리적 조치(난간/시공/높이를) 수반 → 승격. 노출 채널 dwell_time (근거어: 개구부/난간/창호).,FALSE,REF_S4,지침,2024,,,,,,,,,FALSE,,,,,,,,,,,,,,,0,FALSE,원천 promotionStatus=deferred
KE_T_FE_02,active,떨어짐,거푸집설치,,본구조물에 가설 난간 포스트용 매입 브래킷을 설계 단계에서 포함 — 설치·해체 중 난간 설치의 신속성·확실성 확보,공학적,,,TRUE,TRUE,,dwell_time,물리적 조치(난간/브래킷) 수반 → 승격. 노출 채널 dwell_time (근거어: 난간/브래킷).,FALSE,REF_S16;REF_S4,지침,2021,,,guideline,,,,,,FALSE,,,,,,,,,,,,,,,0,FALSE,원천 promotionStatus=deferred
KE_T_FE_03,active,떨어짐,거푸집설치,,추락방지 앵커리지 포인트(수평구명줄·데빗)를 구조도면에 설계 반영 — PPE 사용을 가능케 하는 설계 결정,공학적,,,TRUE,TRUE,,dwell_time,물리적 조치(앵커리지/구명줄) 수반 → 승격. 노출 채널 dwell_time (근거어: 앵커리지/추락방지 앵커/구명줄). 문서화 동사(반영)도 있으나 목적어가 물리적 산출물.,FALSE,REF_S15P;REF_S4,학술,2019,,,,,,,,,FALSE,,,,,,,,,,,,,,,0,TRUE,원천 evidenceLevel='literature' — 목표 열거형에 대응 없음 | 원천 promotionStatus=deferred
KE_T_FE_04,active,떨어짐,거푸집설치,,본설 계단을 공사 초기에 우선 시공하여 작업자 동선으로 사용 — 사다리·가설 수직동선 의존 자체를 제거하는 공정 결정,제거,,,TRUE,TRUE,,passage_count,물리적 조치(계단/시공) 및 공정 순서·시점 변경(우선 시공/초기에) 수반 → 승격. 노출 채널 passage_count (근거어: 동선/계단).,FALSE,REF_S15P;REF_S4,학술,2019,,,,TemporalRule,RULE_FE_STAIR_EARLY,advance activity[workType=permanent_stair]; VerticalLink.availableFromActivity := earlier,,schedule_logic,FALSE,,TemporalRule — 격자 대상 아님(별도 경로),,,,,,,,,mid,,효과는 수직동선 가용 시점 변화에서 창발 — 시뮬레이션 산출,,0,TRUE,원천 evidenceLevel='literature' — 목표 열거형에 대응 없음 | 원천 promotionStatus=promoted
KE_T_FE_05,active,떨어짐,거푸집설치,,지상 조립 후 일체 인양 설치하는 프리패브 계단 채택 — 고소 조립작업 자체를 대체,대체,,,TRUE,TRUE,,passage_count,물리적 조치(계단/설치/인양) 수반 → 승격. 노출 채널 passage_count (근거어: 계단).,FALSE,REF_S15P;REF_S16;REF_S4,학술,2019,,,,,,,,,FALSE,,,,,,,,,,,,,,,0,TRUE,원천 evidenceLevel='literature' — 목표 열거형에 대응 없음
KE_T_FS_01,active,떨어짐,거푸집해체,,개구부 마감·영구 난간 설치 공정을 해체 공정보다 선행 배치 — 해체 시점의 개구부 재노출 창을 제거,제거,,,TRUE,TRUE,,dwell_time,물리적 조치(난간/설치/배치) 및 공정 순서·시점 변경(선행) 수반 → 승격. 노출 채널 dwell_time (근거어: 개구부/난간).,FALSE,REF_KR_R43;REF_S4,법령,고용노동부령 제450호,산업안전보건기준에 관한 규칙(고용노동부령 제450호) 제43조 (개구부 등의 방호 조치),,,TemporalRule,RULE_FS_CLOSURE_FIRST,set precedence: opening_closure(Z) FS-before formwork_stripping(Z),,schedule_logic,FALSE,,TemporalRule — 격자 대상 아님(별도 경로),,,,,,,,,low,,해체 시점의 개구부 재노출 창 제거 — 창발적 효과,,0,TRUE,원천 evidenceLevel='law' — 목표 열거형에 대응 없음 | 원천 promotionStatus=promoted
KE_T_HS_01,active,물체에맞음,거푸집해체,,부재를 지상에서 선조립 후 완성 어셈블리로 인양 설치 — 고소 조립·해체 작업 자체를 회피,위험회피,,,TRUE,TRUE,,passage_count,v2.5 사람 판정: 채널 특정 불가 논거 해소 — 노출 채널은 재해유형이 결정 (재해유형 물체에맞음 → passage_count),FALSE,REF_S4,지침,2024,,,,SpatialChangeRule,RULE_HS_GROUNDASM,remove_elevated_work_zone_convert_to_ground_task,,,FALSE,elevated_work_zone,v2.3 정본 값 (유도하지 않음 — 정본이 우선),,,,,,,,,high,,v1.2 ALT-H005-L1 승계: 지상 선조립 전환은 고소작업 구역 자체를 제거,,0,TRUE,원천 parameterSourceType='inherited_v1' — 목표 열거형에 대응 없음 | 원천 promotionStatus=promoted
KE_T_HS_02,active,물체에맞음,거푸집해체,,고소 작업(해체 포함) 구역 직하부에 낙하물 방지망·물리적 배리어를 계획 배치,공학적,,,TRUE,TRUE,,passage_count,v2.5 사람 판정: LCR_DROP_ZONE 템플릿 추가로 NO_CHANNEL 논거 소멸 (재해유형 물체에맞음 → passage_count),FALSE,REF_S4,지침,2024,,,,AgentParameterRule,RULE_HS_DEBRISNET,,hazardWeightMultiplier=0.35,,FALSE,drop_zone,v2.3 정본 값 (유도하지 않음 — 정본이 우선),,,,,,,,,low,1,v1.2 ALT-H004-L3 승계: 낙하물 방지망의 falling-object exposure 계수,,0,TRUE,원천 parameterSourceType='inherited_v1' — 목표 열거형에 대응 없음 | 원천 promotionStatus=promoted
KE_T_HS_03,active,물체에맞음,거푸집해체,,고위험 작업(해체 등) 시간대에 필수 인원만 투입되도록 단계별(phased) 작업계획 수립 — 공존 노출의 시간적 분리,제거,,,TRUE,TRUE,,passage_count,v2.5 사람 판정: 채널 특정 불가 논거 해소 — 노출 채널은 재해유형이 결정 (재해유형 물체에맞음 → passage_count),FALSE,REF_S4,지침,2024,,,,TemporalRule,RULE_HS_PHASED,"deconflict: shift co-located activities so overlap(stripping, other)=0",,schedule_logic,FALSE,,TemporalRule — 격자 대상 아님(별도 경로),,,,,,,,,low,,공존 노출의 시간 분리 — 효과는 시뮬레이션이 직접 산출 (순환성 없음),,0,TRUE,원천 promotionStatus=promoted
KE_T_HS_04,active,물체에맞음,거푸집해체,,작업발판 일체형 거푸집 채택 — 해체 시 개별 부재 탈락·낙하 기회를 구조적으로 축소,대체,,,TRUE,TRUE,,passage_count,v2.5 사람 판정: LCR_DROP_ZONE 템플릿 추가로 NO_CHANNEL 논거 소멸 (재해유형 물체에맞음 → passage_count),TRUE,REF_KR_R331_3,법령,,산업안전보건기준에 관한 규칙 제331조의3 (작업발판 일체형 거푸집의 안전조치),,,AgentParameterRule,RULE_HS_INTFORM,,materialProbMultiplier=0.50,heuristic,TRUE,drop_zone,오기교정: v2.3 이월값 material_storage 는 적재구역을 가리켜 이 항목과 무관하다. directive_ko('작업발판 일체형 거푸집 — 해체 시 개별 부재 탈락·낙하 기회를 축소') 와 accident_type(물체에맞음)이 모두 낙하물 노출을 가리키므로 drop_zone 으로 교정. 전거: 산업안전보건기준에 관한 규칙 제331조의3 (legal_basis 열에 기재됨).,,,,,,,,,mid,,"일체형 거푸집의 해체 중 부재 탈락 저감 — 계수 문헌 미확보, 민감도 분석 필수",,0,TRUE,원천 evidenceLevel='law' — 목표 열거형에 대응 없음 | 작업발판 일체형 거푸집은 분명한 대체급이므로 HoC 유지. 다만 계수(휴리스틱)로 대신 작성된 것이므로 규칙 쪽이 잠정적 — 가설물 형상 확보 시 SpatialChangeRule 로 재작성. | 원천 promotionStatus=promoted
KE_T_PO_01,active,떨어짐,타설,,지면 슬래브·보도 등 평면 공사를 공정 초기에 배치하여 고소 구조물 인접 작업 시 작업자 접근면으로 활용 — 노출 자체를 줄이는 공정 결정,제거,,,TRUE,TRUE,,passage_count,물리적 조치(배치) 및 공정 순서·시점 변경(초기에) 수반 → 승격. 노출 채널 passage_count (근거어: 접근면).,FALSE,REF_S4,지침,2024,,,,,,,,,FALSE,,,,,,,,,,,,,,,0,FALSE,원천 promotionStatus=deferred
KE_T_PO_02,active,떨어짐,타설,,층별 크기·형상 변화와 단차(오프셋)를 최소화한 평면 설계 — 단차·경계부 추락 및 걸림 위험의 기하학적 제거,제거,,,TRUE,TRUE,,passage_count,물리적 조치(최소화) 수반 → 승격. 노출 채널 passage_count (근거어: 걸림/단차).,FALSE,REF_S4,지침,2024,,,,,,,,,FALSE,,,,,,,,,,,,,,,0,FALSE,원천 promotionStatus=deferred
KE_C_WARN_01,active,떨어짐,거푸집설치,,슬래브 개구부 덮개 상부에 개구부 위치를 알리는 안전표지와 시인성 도색을 적용하도록 설계도면에 반영,경고,,,TRUE,TRUE,,dwell_time,v2.5 사람 판정: KE_M_Fall_FormErection_01(공학적) 의 근거 CSI 에 경고 등급 설계 대안이 함께 있었다. 등급이 다르므로 기존 항목을 고치지 않고 지시서 4-2 대로 신설한다. 현재 라이브러리의 경고 등급은 3건뿐이다.,FALSE,,,,산업안전보건기준에 관한 규칙 제43조 (개구부 등의 방호 조치) — 어두운 장소에서도 알아볼 수 있도록 개구부임을 표시 (개정 2022.10.18.),,,,,,,,FALSE,,,,,,,,,,,,,,,0,TRUE,v2.5 신설 (CSI 유래). 근거 사례: 개구부 덮개 이탈로 떨어짐 | CSI 대책: 개구부 덮개 상부 '개구부 주의' 등 안전표지 설치하여 근로자 시인성 확보 | 전거·규칙 미작성 — 사람 확인 필요
